{
  "generated_at": "2026-05-11T15:55:48.616543+00:00",
  "plan_max_age_minutes": 90,
  "strategy_version": "2.0",
  "regime": "risk_on",
  "breadth": 0.517241,
  "target_weights": {
    "AMD": 0.049468,
    "AMZN": 0.093776,
    "AVGO": 0.076116,
    "GOOGL": 0.100446,
    "KO": 0.15,
    "LLY": 0.076168,
    "MRK": 0.095058,
    "QCOM": 0.046942,
    "WMT": 0.126128,
    "XOM": 0.085448
  },
  "data_hash": "0603dbb1ac373775",
  "approved": true
}