{
  "generated_at": "2026-05-12T13:35:58.705984+00:00",
  "plan_max_age_minutes": 90,
  "strategy_version": "2.0",
  "regime": "risk_on",
  "breadth": 0.517241,
  "target_weights": {
    "AMD": 0.041107,
    "AMZN": 0.083239,
    "AVGO": 0.062974,
    "GOOGL": 0.086617,
    "KO": 0.130708,
    "LLY": 0.066432,
    "MRK": 0.082518,
    "NVDA": 0.068847,
    "UNH": 0.087288,
    "WMT": 0.113055,
    "XOM": 0.077215
  },
  "data_hash": "12537718108a6106",
  "approved": true
}